{
  "T": {
    "scale": 19.99997329711914,
    "offset": 24.999977111816406
  },
  "G": {
    "scale": 999.9951171875,
    "offset": 552.6348266601562
  },
  "Fc": {
    "scale": 9.999828338623047,
    "offset": 59.99974060058594
  },
  "Ud": {
    "scale": 0.200001060962677,
    "offset": 0.9999967813491821
  },
  "Uq": {
    "scale": 0.8000000715255737,
    "offset": 0.0009002003353089094
  },
  "Vd": {
    "scale": 379.72784423828125,
    "offset": 266.8672790527344
  },
  "Vq": {
    "scale": 313.1507568359375,
    "offset": -34.372352600097656
  },
  "GVrms": {
    "scale": 273.90887451171875,
    "offset": 120.74479675292969
  },
  "Ctl": {
    "scale": 1.0,
    "offset": 0.499099999666214
  },
  "Vdc": {
    "scale": 456.91839599609375,
    "offset": 333.86395263671875
  },
  "Idc": {
    "scale": 32.791717529296875,
    "offset": 17.6502628326416
  },
  "Id": {
    "scale": 86.41786193847656,
    "offset": 39.25191116333008
  },
  "Iq": {
    "scale": 62.13208770751953,
    "offset": -6.059944152832031
  }
}