{
  "T": {
    "scale": 19.99997329711914,
    "offset": 24.999977111816406
  },
  "G": {
    "scale": 999.9951171875,
    "offset": 552.6348266601562
  },
  "Fc": {
    "scale": 9.999828338623047,
    "offset": 59.99974060058594
  },
  "Ud": {
    "scale": 0.200001060962677,
    "offset": 0.9999967813491821
  },
  "Uq": {
    "scale": 0.8000000715255737,
    "offset": 0.0009002003353089094
  },
  "Vd": {
    "scale": 376.4859619140625,
    "offset": 266.5845947265625
  },
  "Vq": {
    "scale": 314.67626953125,
    "offset": -34.336971282958984
  },
  "GVrms": {
    "scale": 267.3847351074219,
    "offset": 120.62661743164062
  },
  "Ctl": {
    "scale": 1.0,
    "offset": 0.499099999666214
  },
  "Vdc": {
    "scale": 455.2633056640625,
    "offset": 333.522705078125
  },
  "Idc": {
    "scale": 32.889556884765625,
    "offset": 17.631898880004883
  },
  "Id": {
    "scale": 86.28357696533203,
    "offset": 39.21122360229492
  },
  "Iq": {
    "scale": 61.84504699707031,
    "offset": -6.053760528564453
  }
}