{
  "T": {
    "scale": 0.003498077392578125,
    "offset": 35.00144577026367
  },
  "G": {
    "scale": 950.094970703125,
    "offset": 491.1813049316406
  },
  "Fc": {
    "scale": 5.006351470947266,
    "offset": 60.00278854370117
  },
  "Md": {
    "scale": 0.10009503364562988,
    "offset": 0.9500381350517273
  },
  "Mq": {
    "scale": 0.6000984907150269,
    "offset": 0.00037502925260923803
  },
  "Vdlo": {
    "scale": 326.97064208984375,
    "offset": 179.57125854492188
  },
  "Vqlo": {
    "scale": 197.0604248046875,
    "offset": -2.358393669128418
  },
  "V0lo": {
    "scale": 0.054269980639219284,
    "offset": -4.080030066688778e-06
  },
  "Vdhi": {
    "scale": 4.476822376251221,
    "offset": 0.5236107707023621
  },
  "Vqhi": {
    "scale": 1.4899110794067383,
    "offset": 0.1266334354877472
  },
  "V0hi": {
    "scale": 0.31169360876083374,
    "offset": 0.04221303388476372
  },
  "GVlo": {
    "scale": 380.038330078125,
    "offset": 138.0598907470703
  },
  "Ctl": {
    "scale": 1.0,
    "offset": 0.7137143015861511
  },
  "Unb": {
    "scale": 1.0,
    "offset": 0.42800000309944153
  },
  "Vdc": {
    "scale": 184.74159240722656,
    "offset": 95.3813705444336
  },
  "Idc": {
    "scale": 280.4740295410156,
    "offset": 144.8627471923828
  },
  "Idlo": {
    "scale": 106.34307861328125,
    "offset": 47.70743942260742
  },
  "Iqlo": {
    "scale": 64.66642761230469,
    "offset": -1.048745036125183
  },
  "I0lo": {
    "scale": 0.9047795534133911,
    "offset": -0.00011402054224163294
  },
  "Idhi": {
    "scale": 8.417097091674805,
    "offset": 1.1283458471298218
  },
  "Iqhi": {
    "scale": 8.773615837097168,
    "offset": 1.1173629760742188
  },
  "I0hi": {
    "scale": 8.467026710510254,
    "offset": 1.144687294960022
  }
}