{
  "T": {
    "scale": 0.003498077392578125,
    "offset": 35.00144577026367,
    "max": 35.003326416015625,
    "min": 34.99982833862305
  },
  "G": {
    "scale": 950.094970703125,
    "offset": 491.1813049316406,
    "max": 950.094970703125,
    "min": -1.4520677723339759e-05
  },
  "Fc": {
    "scale": 5.006351470947266,
    "offset": 60.00278854370117,
    "max": 62.50630187988281,
    "min": 57.49995040893555
  },
  "Md": {
    "scale": 0.10009503364562988,
    "offset": 0.9500381350517273,
    "max": 1.000095009803772,
    "min": 0.8999999761581421
  },
  "Mq": {
    "scale": 0.6000984907150269,
    "offset": 0.00037502925260923803,
    "max": 0.3000985085964203,
    "min": -0.30000001192092896
  },
  "Vdlo": {
    "scale": 326.97064208984375,
    "offset": 179.57125854492188,
    "max": 326.59735107421875,
    "min": -0.373287558555603
  },
  "Vqlo": {
    "scale": 197.0604248046875,
    "offset": -2.358393669128418,
    "max": 94.29778289794922,
    "min": -102.76264190673828
  },
  "V0lo": {
    "scale": 0.054269980639219284,
    "offset": -4.080030066688778e-06,
    "max": 0.03462525084614754,
    "min": -0.019644729793071747
  },
  "Vdhi": {
    "scale": 4.476822376251221,
    "offset": 0.5236107707023621,
    "max": 4.476822376251221,
    "min": 2.6145563145063555e-11
  },
  "Vqhi": {
    "scale": 1.4899110794067383,
    "offset": 0.1266334354877472,
    "max": 1.489848017692566,
    "min": -6.304455018835142e-05
  },
  "V0hi": {
    "scale": 0.31169360876083374,
    "offset": 0.04221303388476372,
    "max": 0.30901792645454407,
    "min": -0.00267567066475749
  },
  "GVlo": {
    "scale": 380.038330078125,
    "offset": 138.0598907470703,
    "max": 380.038330078125,
    "min": -6.2831944092067715e-09
  },
  "Ctl": {
    "scale": 1.0,
    "offset": 0.7137143015861511,
    "max": 1.0,
    "min": 0.0
  },
  "Unb": {
    "scale": 1.0,
    "offset": 0.42800000309944153,
    "max": 1.0,
    "min": 0.0
  },
  "Vdc": {
    "scale": 184.74159240722656,
    "offset": 95.3813705444336,
    "max": 184.74159240722656,
    "min": -2.9063105557725066e-06
  },
  "Idc": {
    "scale": 280.4740295410156,
    "offset": 144.8627471923828,
    "max": 280.4740295410156,
    "min": -5.806441549793817e-06
  },
  "Idlo": {
    "scale": 106.34307861328125,
    "offset": 47.70743942260742,
    "max": 106.20235443115234,
    "min": -0.1407226026058197
  },
  "Iqlo": {
    "scale": 64.66642761230469,
    "offset": -1.048745036125183,
    "max": 29.315349578857422,
    "min": -35.35108184814453
  },
  "I0lo": {
    "scale": 0.9047795534133911,
    "offset": -0.00011402054224163294,
    "max": 0.34130004048347473,
    "min": -0.5634795427322388
  },
  "Idhi": {
    "scale": 8.417097091674805,
    "offset": 1.1283458471298218,
    "max": 8.334216117858887,
    "min": -0.08288078755140305
  },
  "Iqhi": {
    "scale": 8.773615837097168,
    "offset": 1.1173629760742188,
    "max": 8.594767570495605,
    "min": -0.17884837090969086
  },
  "I0hi": {
    "scale": 8.467026710510254,
    "offset": 1.144687294960022,
    "max": 8.304069519042969,
    "min": -0.16295677423477173
  }
}