{
  "T": {
    "scale": 20.003402709960938,
    "offset": 25.001379013061523
  },
  "G": {
    "scale": 999.9949951171875,
    "offset": 483.44879150390625
  },
  "Fc": {
    "scale": 9.999828338623047,
    "offset": 60.00318145751953
  },
  "Md": {
    "scale": 0.40000206232070923,
    "offset": 1.0019292831420898
  },
  "Mq": {
    "scale": 1.0,
    "offset": 0.0010431800037622452
  },
  "Vrms": {
    "scale": 235.80189514160156,
    "offset": 86.60928344726562
  },
  "GVrms": {
    "scale": 235777.140625,
    "offset": 59371.0703125
  },
  "Ctl": {
    "scale": 1.0,
    "offset": 0.7991999983787537
  },
  "Vdc": {
    "scale": 486.7132568359375,
    "offset": 143.17562866210938
  },
  "Idc": {
    "scale": 13.655397415161133,
    "offset": 5.266500473022461
  },
  "Id": {
    "scale": 18.985164642333984,
    "offset": 6.930292129516602
  },
  "Iq": {
    "scale": 14.469842910766602,
    "offset": -1.0601532459259033
  }
}