{
  "G": {
    "scale": 999.9949951171875,
    "offset": 811.58056640625
  },
  "Ud": {
    "scale": 0.40000206232070923,
    "offset": 1.0109467506408691
  },
  "Uq": {
    "scale": 1.0,
    "offset": -0.005544254556298256
  },
  "Id": {
    "scale": 5.7833781242370605,
    "offset": 2.680987596511841
  },
  "Iq": {
    "scale": 4.977410316467285,
    "offset": -0.08024878799915314
  },
  "GIrms": {
    "scale": 7087.12060546875,
    "offset": 3080.64306640625
  },
  "Ctrl": {
    "scale": 1.0,
    "offset": 0.748129665851593
  },
  "Vdc": {
    "scale": 628.1762084960938,
    "offset": 461.7551574707031
  },
  "Idc": {
    "scale": 4.834264755249023,
    "offset": 1.99156653881073
  },
  "Vd": {
    "scale": 337.08233642578125,
    "offset": 219.3183135986328
  },
  "Vq": {
    "scale": 289.7115173339844,
    "offset": -6.328447341918945
  }
}