{
  "G": {
    "scale": 999.9949951171875,
    "offset": 781.4698486328125
  },
  "Ud": {
    "scale": 0.4200015068054199,
    "offset": 1.012689471244812
  },
  "Uq": {
    "scale": 1.0,
    "offset": -0.012256158515810966
  },
  "Id": {
    "scale": 5.881160259246826,
    "offset": 2.5773351192474365
  },
  "Iq": {
    "scale": 5.025164604187012,
    "offset": -0.10374172776937485
  },
  "GIrms": {
    "scale": 8726.4111328125,
    "offset": 3538.49755859375
  },
  "Ctrl": {
    "scale": 1.0,
    "offset": 0.5623593926429749
  },
  "Vdc": {
    "scale": 643.7698364257812,
    "offset": 458.31390380859375
  },
  "Idc": {
    "scale": 4.956446170806885,
    "offset": 1.9286991357803345
  },
  "Vd": {
    "scale": 349.07000732421875,
    "offset": 218.1281280517578
  },
  "Vq": {
    "scale": 297.98748779296875,
    "offset": -8.231996536254883
  }
}