{
  "T": {
    "scale": 20.003402709960938,
    "offset": 25.001379013061523
  },
  "G": {
    "scale": 999.9949951171875,
    "offset": 483.44879150390625
  },
  "Fc": {
    "scale": 9.999828338623047,
    "offset": 60.00318145751953
  },
  "Md1": {
    "scale": 0.40000206232070923,
    "offset": 1.0019292831420898
  },
  "Mq1": {
    "scale": 1.0,
    "offset": 0.0010431800037622452
  },
  "Id": {
    "scale": 6.187957286834717,
    "offset": 3.067514419555664
  },
  "Iq": {
    "scale": 5.342673301696777,
    "offset": -0.08938950300216675
  },
  "GIrms": {
    "scale": 7321.49365234375,
    "offset": 2421.201904296875
  },
  "Ctl": {
    "scale": 1.0,
    "offset": 0.7991999983787537
  },
  "Vdc": {
    "scale": 667.8743286132812,
    "offset": 365.2536926269531
  },
  "Idc": {
    "scale": 5.158163547515869,
    "offset": 2.2356464862823486
  },
  "Vod": {
    "scale": 345.7970275878906,
    "offset": 171.30445861816406
  },
  "Voq": {
    "scale": 298.57373046875,
    "offset": -4.991540908813477
  }
}