{
  "Fc": {
    "scale": 1.0,
    "offset": 60.0
  },
  "Vc": {
    "scale": 1.0,
    "offset": 120.0
  },
  "Vac": {
    "scale": 318.5414123535156,
    "offset": -11.370025634765625
  },
  "Vdc": {
    "scale": 2.597032070159912,
    "offset": 2.168893814086914
  },
  "Vd": {
    "scale": 454.05645751953125,
    "offset": -0.024908939376473427
  },
  "Vq": {
    "scale": 455.3673095703125,
    "offset": -0.04415902867913246
  },
  "Vrms": {
    "scale": 162.09368896484375,
    "offset": 106.05996704101562
  },
  "Idc": {
    "scale": 0.37946003675460815,
    "offset": 0.0004984131082892418
  }
}