{
  "Fc": {
    "scale": 1.0,
    "offset": 60.0
  },
  "Ud": {
    "scale": 0.1600000262260437,
    "offset": 0.6100000739097595
  },
  "Uq": {
    "scale": 1.0,
    "offset": 0.0
  },
  "Vd": {
    "scale": 69.01673889160156,
    "offset": -219.85693359375
  },
  "Vq": {
    "scale": 1.779024362564087,
    "offset": 0.1351076364517212
  },
  "Vdc": {
    "scale": 52.007080078125,
    "offset": 608.6109008789062
  },
  "Idc": {
    "scale": 3.7914211750030518,
    "offset": 1.709776759147644
  },
  "Id": {
    "scale": 1.5275980234146118,
    "offset": -0.8452768921852112
  },
  "Iq": {
    "scale": 4.372923851013184,
    "offset": -1.5394083261489868
  }
}