{
  "T": {
    "scale": 20.003402709960938,
    "offset": 25.001075744628906
  },
  "G": {
    "scale": 999.9949951171875,
    "offset": 509.05596923828125
  },
  "Fc": {
    "scale": 9.999828338623047,
    "offset": 60.002323150634766
  },
  "Md": {
    "scale": 0.40000206232070923,
    "offset": 1.000035285949707
  },
  "Mq": {
    "scale": 0.4000000059604645,
    "offset": 0.0010394658893346786
  },
  "Vrms": {
    "scale": 546.6259155273438,
    "offset": 412.7568054199219
  },
  "GVrms": {
    "scale": 546.6232299804688,
    "offset": 236.25889587402344
  },
  "Ctl": {
    "scale": 1.0,
    "offset": 0.7490000128746033
  },
  "Vdc": {
    "scale": 439.7894592285156,
    "offset": 338.009033203125
  },
  "Idc": {
    "scale": 292.8359680175781,
    "offset": 131.6025390625
  },
  "Id": {
    "scale": 189.638916015625,
    "offset": 87.11183166503906
  },
  "Iq": {
    "scale": 67.69577026367188,
    "offset": -1.8766822814941406
  }
}