{
  "T": {
    "scale": 24.999950408935547,
    "offset": 27.49995231628418
  },
  "G": {
    "scale": 999.9951171875,
    "offset": 603.478515625
  },
  "Fc": {
    "scale": 9.999828338623047,
    "offset": 59.99972915649414
  },
  "Ud": {
    "scale": 0.200001060962677,
    "offset": 0.9999969601631165
  },
  "Vrms": {
    "scale": 290.83447265625,
    "offset": 203.58287048339844
  },
  "GVrms": {
    "scale": 285.5545959472656,
    "offset": 128.82125854492188
  },
  "Mode": {
    "scale": 1.0,
    "offset": 0.4270000457763672
  },
  "Vdc": {
    "scale": 457.9035949707031,
    "offset": 367.17657470703125
  },
  "Idc": {
    "scale": 32.80421447753906,
    "offset": 19.17487335205078
  },
  "Irms": {
    "scale": 66.92162322998047,
    "offset": 30.236408233642578
  }
}