{
  "G": {
    "scale": 999.9949951171875,
    "offset": 811.58056640625
  },
  "Ud": {
    "scale": 0.40000206232070923,
    "offset": 1.0109467506408691
  },
  "Uq": {
    "scale": 1.0,
    "offset": -0.0055442554876208305
  },
  "Vd": {
    "scale": 337.08233642578125,
    "offset": 219.3183135986328
  },
  "GVrms": {
    "scale": 414899.65625,
    "offset": 253630.828125
  },
  "Ctrl": {
    "scale": 1.0,
    "offset": 0.748129665851593
  },
  "Vdc": {
    "scale": 628.1762084960938,
    "offset": 461.7552185058594
  },
  "Idc": {
    "scale": 4.834264755249023,
    "offset": 1.9915666580200195
  },
  "Id": {
    "scale": 5.7833781242370605,
    "offset": 2.6809873580932617
  },
  "Iq": {
    "scale": 4.977410316467285,
    "offset": -0.08024879544973373
  }
}