{
  "G": {
    "scale": 999.9949951171875,
    "offset": 811.58056640625,
    "max": 999.9949951171875,
    "min": -1.7915819626068696e-05
  },
  "Ud": {
    "scale": 0.40000206232070923,
    "offset": 1.0109467506408691,
    "max": 1.2000000476837158,
    "min": 0.7999979853630066
  },
  "Uq": {
    "scale": 1.0,
    "offset": -0.0055442554876208305,
    "max": 0.5009999871253967,
    "min": -0.49900004267692566
  },
  "Vd": {
    "scale": 337.08233642578125,
    "offset": 219.3183135986328,
    "max": 337.08233642578125,
    "min": 0.0
  },
  "Vq": {
    "scale": 289.7115173339844,
    "offset": -6.3284478187561035,
    "max": 139.41464233398438,
    "min": -150.296875
  },
  "GVrms": {
    "scale": 414899.65625,
    "offset": 253630.828125,
    "max": 414899.65625,
    "min": -9.374776510640004e-10
  },
  "Ctrl": {
    "scale": 1.0,
    "offset": 0.748129665851593,
    "max": 1.0,
    "min": 0.0
  },
  "Vdc": {
    "scale": 628.1762084960938,
    "offset": 461.7552185058594,
    "max": 628.1762084960938,
    "min": 0.0
  },
  "Idc": {
    "scale": 4.834264755249023,
    "offset": 1.9915666580200195,
    "max": 4.834264755249023,
    "min": 0.0
  },
  "Id": {
    "scale": 5.7833781242370605,
    "offset": 2.6809873580932617,
    "max": 5.7833781242370605,
    "min": 0.0
  },
  "Iq": {
    "scale": 4.977410316467285,
    "offset": -0.08024879544973373,
    "max": 2.3423449993133545,
    "min": -2.6350655555725098
  }
}