{
  "Fc": {
    "scale": 4.0,
    "offset": 60.0,
    "max": 62.0,
    "min": 58.0
  },
  "Vc": {
    "scale": 11.0,
    "offset": 119.65218353271484,
    "max": 125.0,
    "min": 114.0
  },
  "Rc": {
    "scale": 460.0,
    "offset": 109.60493469238281,
    "max": 500.0,
    "min": 40.0
  },
  "Vdc": {
    "scale": 1.9193611145019531,
    "offset": 47.89682388305664,
    "max": 48.779510498046875,
    "min": 46.86014938354492
  },
  "Vrms": {
    "scale": 129.62069702148438,
    "offset": 120.41497039794922,
    "max": 129.7137451171875,
    "min": 0.09304700046777725
  },
  "Irms": {
    "scale": 3.265164375305176,
    "offset": 2.0480785369873047,
    "max": 3.265164375305176,
    "min": 0.0
  },
  "Idc": {
    "scale": 16.611331939697266,
    "offset": 8.210274696350098,
    "max": 16.611331939697266,
    "min": 0.0
  }
}