{
  "Fc": {
    "scale": 4.0,
    "offset": 60.0
  },
  "Vc": {
    "scale": 11.0,
    "offset": 119.65218353271484
  },
  "Rc": {
    "scale": 460.0,
    "offset": 109.60493469238281
  },
  "Vdc": {
    "scale": 1.9193611145019531,
    "offset": 47.89682388305664
  },
  "Vrms": {
    "scale": 129.62069702148438,
    "offset": 120.41497039794922
  },
  "Irms": {
    "scale": 3.265164375305176,
    "offset": 2.0480785369873047
  },
  "Idc": {
    "scale": 16.611331939697266,
    "offset": 8.210274696350098
  }
}