{
  "T": {
    "scale": 20.003402709960938,
    "offset": 25.001420974731445,
    "max": 35.003326416015625,
    "min": 14.999924659729004
  },
  "G": {
    "scale": 999.9949951171875,
    "offset": 483.448974609375,
    "max": 999.9949951171875,
    "min": -1.7915819626068696e-05
  },
  "Fc": {
    "scale": 9.999828338623047,
    "offset": 60.003177642822266,
    "max": 64.99967956542969,
    "min": 54.99985122680664
  },
  "Md1": {
    "scale": 0.40000206232070923,
    "offset": 1.0019301176071167,
    "max": 1.2000000476837158,
    "min": 0.7999979853630066
  },
  "Mq1": {
    "scale": 1.0,
    "offset": 0.0010431807022541761,
    "max": 0.5009999871253967,
    "min": -0.49900004267692566
  },
  "Vod": {
    "scale": 345.7970275878906,
    "offset": 171.30438232421875,
    "max": 345.7970275878906,
    "min": 2.6467047220535278e-08
  },
  "Voq": {
    "scale": 298.57373046875,
    "offset": -4.991538047790527,
    "max": 140.51966857910156,
    "min": -158.05406188964844
  },
  "GVrms": {
    "scale": 410345.6875,
    "offset": 135669.84375,
    "max": 410345.6875,
    "min": -9.140833090448552e-10
  },
  "Ctl": {
    "scale": 1.0,
    "offset": 0.7991999983787537,
    "max": 1.0,
    "min": 0.0
  },
  "Vdc": {
    "scale": 667.8743286132812,
    "offset": 365.2538146972656,
    "max": 667.8743286132812,
    "min": 6.272808604990132e-06
  },
  "Idc": {
    "scale": 5.158163547515869,
    "offset": 2.235644578933716,
    "max": 5.158163547515869,
    "min": 9.9757059501826e-08
  },
  "Id": {
    "scale": 6.187957286834717,
    "offset": 3.067509174346924,
    "max": 6.187957286834717,
    "min": 1.4240757906236468e-08
  },
  "Iq": {
    "scale": 5.342673301696777,
    "offset": -0.08938950300216675,
    "max": 2.515441417694092,
    "min": -2.8272316455841064
  }
}