{
  "Fc": {
    "scale": 4.0,
    "offset": 60.0
  },
  "Ud": {
    "scale": 0.21000000834465027,
    "offset": 0.6062161326408386
  },
  "Uq": {
    "scale": 0.4699999988079071,
    "offset": 0.012702700681984425
  },
  "Rc": {
    "scale": 308.66290283203125,
    "offset": 75.40192413330078
  },
  "Vd": {
    "scale": 274.0211181640625,
    "offset": -223.89077758789062
  },
  "Vq": {
    "scale": 46.957420349121094,
    "offset": 0.1388666182756424
  },
  "Id": {
    "scale": 17.669795989990234,
    "offset": -1.956722378730774
  },
  "Iq": {
    "scale": 15.553827285766602,
    "offset": -0.5246634483337402
  },
  "Idc": {
    "scale": 2.8610973358154297,
    "offset": 1.6944241523742676
  }
}