{
  "Ud": {
    "scale": 1.0,
    "offset": 0.47477516531944275,
    "max": 1.0,
    "min": 0.0
  },
  "Uq": {
    "scale": 0.4000000059604645,
    "offset": -8.28867807722844e-11,
    "max": 0.20000000298023224,
    "min": -0.20000000298023224
  },
  "Vd": {
    "scale": 329.87640380859375,
    "offset": 143.28494262695312,
    "max": 323.7900085449219,
    "min": -6.086386203765869
  },
  "Vq": {
    "scale": 158.86859130859375,
    "offset": -2.000671625137329,
    "max": 64.76424407958984,
    "min": -94.1043472290039
  },
  "Ra": {
    "scale": 51.999977111816406,
    "offset": 49.49589157104492,
    "max": 60.0,
    "min": 8.000022888183594
  },
  "Rb": {
    "scale": 51.999977111816406,
    "offset": 54.74798583984375,
    "max": 60.0,
    "min": 8.000022888183594
  },
  "Rc": {
    "scale": 51.999977111816406,
    "offset": 49.49589157104492,
    "max": 60.0,
    "min": 8.000022888183594
  },
  "Ramp": {
    "scale": 1.0,
    "offset": 0.9495509266853333,
    "max": 1.0,
    "min": 0.0
  },
  "Id": {
    "scale": 43.27613830566406,
    "offset": 3.4480490684509277,
    "max": 40.69775390625,
    "min": -2.578383445739746
  },
  "Iq": {
    "scale": 28.00843620300293,
    "offset": 2.3909170627593994,
    "max": 17.929737091064453,
    "min": -10.078699111938477
  }
}