{
  "T": {
    "scale": 20.003402709960938,
    "offset": 26.754213333129883
  },
  "G": {
    "scale": 999.9949951171875,
    "offset": 403.2727966308594
  },
  "Fc": {
    "scale": 9.999828338623047,
    "offset": 60.00224304199219
  },
  "Md": {
    "scale": 0.40000206232070923,
    "offset": 1.0008424520492554
  },
  "Mq": {
    "scale": 1.0,
    "offset": 0.0007984025869518518
  },
  "Vrms": {
    "scale": 575.5653076171875,
    "offset": 116.05618286132812
  },
  "GVrms": {
    "scale": 546.7870483398438,
    "offset": 69.0935287475586
  },
  "Ctl": {
    "scale": 1.0,
    "offset": 0.5992000102996826
  },
  "Unb": {
    "scale": 1.0,
    "offset": 0.13997921347618103
  },
  "Vdc": {
    "scale": 443.09368896484375,
    "offset": 273.60870361328125
  },
  "Idc": {
    "scale": 292.8359680175781,
    "offset": 103.90770721435547
  },
  "Idlo": {
    "scale": 189.7274627685547,
    "offset": 67.63956451416016
  },
  "Iqlo": {
    "scale": 154.66131591796875,
    "offset": -1.4390720129013062
  },
  "I0lo": {
    "scale": 1.2831697463989258,
    "offset": -8.475231152260676e-05
  },
  "Idhi": {
    "scale": 15.296683311462402,
    "offset": 0.6206678152084351
  },
  "Iqhi": {
    "scale": 15.536123275756836,
    "offset": 0.6171560883522034
  },
  "I0hi": {
    "scale": 14.931587219238281,
    "offset": 0.6143338680267334
  }
}