{
  "G": {
    "scale": 999.9949951171875,
    "offset": 793.5901489257812
  },
  "Ud": {
    "scale": 0.7000000476837158,
    "offset": 1.0052201747894287
  },
  "Uq": {
    "scale": 1.0,
    "offset": -0.010779512114822865
  },
  "Vd": {
    "scale": 346.8096923828125,
    "offset": 216.6909637451172
  },
  "Vq": {
    "scale": 297.8385314941406,
    "offset": -7.675124645233154
  },
  "GVrms": {
    "scale": 415152.5,
    "offset": 246629.640625
  },
  "Ctrl": {
    "scale": 1.0,
    "offset": 0.748129665851593
  },
  "Vdc": {
    "scale": 650.1849365234375,
    "offset": 459.8179626464844
  },
  "Idc": {
    "scale": 4.884222984313965,
    "offset": 1.9282490015029907
  },
  "Id": {
    "scale": 5.838291168212891,
    "offset": 2.5984761714935303
  },
  "Iq": {
    "scale": 5.022762298583984,
    "offset": -0.09570319950580597
  }
}