{
  "G": {
    "scale": 1000.0,
    "offset": 809.2813110351562,
    "max": 1000.0,
    "min": 0.0
  },
  "Ud": {
    "scale": 0.40000003576278687,
    "offset": 0.9999997615814209,
    "max": 1.2000000476837158,
    "min": 0.800000011920929
  },
  "Uq": {
    "scale": 1.0,
    "offset": -3.3840739238621964e-11,
    "max": 0.5,
    "min": -0.5
  },
  "Vd": {
    "scale": 342.86944580078125,
    "offset": 230.29591369628906,
    "max": 342.86944580078125,
    "min": 0.0
  },
  "Vq": {
    "scale": 296.395751953125,
    "offset": -5.334640026092529,
    "max": 143.6682891845703,
    "min": -152.72744750976562
  },
  "GVrms": {
    "scale": 422296.6875,
    "offset": 262281.46875,
    "max": 422296.6875,
    "min": 0.0
  },
  "Ramp": {
    "scale": 1.0,
    "offset": 0.8093812465667725,
    "max": 1.0,
    "min": 0.0
  },
  "Vdc": {
    "scale": 635.2540283203125,
    "offset": 495.7726135253906,
    "max": 635.2540283203125,
    "min": 0.0
  },
  "Idc": {
    "scale": 4.1067023277282715,
    "offset": 1.8830465078353882,
    "max": 4.1067023277282715,
    "min": 0.0
  },
  "Id": {
    "scale": 4.686577320098877,
    "offset": 2.4104905128479004,
    "max": 4.686577320098877,
    "min": 0.0
  },
  "Iq": {
    "scale": 4.055089473724365,
    "offset": -0.05657494440674782,
    "max": 1.933085560798645,
    "min": -2.1220040321350098
  }
}