{
  "T": {
    "scale": 20.003402709960938,
    "offset": 25.001420974731445
  },
  "G": {
    "scale": 999.9949951171875,
    "offset": 483.448974609375
  },
  "Fc": {
    "scale": 9.999828338623047,
    "offset": 60.003177642822266
  },
  "Md1": {
    "scale": 0.40000206232070923,
    "offset": 1.0019301176071167
  },
  "Mq1": {
    "scale": 1.0,
    "offset": 0.0010431807022541761
  },
  "Vod": {
    "scale": 345.7970275878906,
    "offset": 171.30438232421875
  },
  "Voq": {
    "scale": 298.57373046875,
    "offset": -4.991538047790527
  },
  "GVrms": {
    "scale": 410345.6875,
    "offset": 135669.84375
  },
  "Ctl": {
    "scale": 1.0,
    "offset": 0.7991999983787537
  },
  "Vdc": {
    "scale": 667.8743286132812,
    "offset": 365.2538146972656
  },
  "Idc": {
    "scale": 5.158163547515869,
    "offset": 2.235644578933716
  }
}