{
  "Fc": {
    "scale": 4.0,
    "offset": 60.0,
    "max": 62.0,
    "min": 58.0
  },
  "Ud": {
    "scale": 0.1600000262260437,
    "offset": 0.60999995470047,
    "max": 0.6800000071525574,
    "min": 0.5199999809265137
  },
  "Uq": {
    "scale": 1.0,
    "offset": 0.0,
    "max": 0.0,
    "min": 0.0
  },
  "Vd": {
    "scale": 63.002593994140625,
    "offset": -223.10130310058594,
    "max": -187.6298828125,
    "min": -250.63247680664062
  },
  "Vq": {
    "scale": 1.2575385570526123,
    "offset": 0.13841891288757324,
    "max": 0.8151060342788696,
    "min": -0.4424324631690979
  },
  "Vdc": {
    "scale": 7.18035888671875,
    "offset": 604.6819458007812,
    "max": 607.9893798828125,
    "min": 600.8090209960938
  },
  "Idc": {
    "scale": 3.525486707687378,
    "offset": 2.7021377086639404,
    "max": 4.363561630249023,
    "min": 0.8380749821662903
  },
  "Id": {
    "scale": 8.774377822875977,
    "offset": -6.843101501464844,
    "max": -2.520674705505371,
    "min": -11.295052528381348
  },
  "Iq": {
    "scale": 5.049924850463867,
    "offset": 0.6553387641906738,
    "max": 2.586369037628174,
    "min": -2.4635560512542725
  }
}