{
  "T": {
    "scale": 20.003402709960938,
    "offset": 25.000959396362305
  },
  "G": {
    "scale": 999.9949951171875,
    "offset": 384.7131042480469
  },
  "Fc": {
    "scale": 9.999828338623047,
    "offset": 60.00187683105469
  },
  "Md": {
    "scale": 0.40000206232070923,
    "offset": 1.0012720823287964
  },
  "Mq": {
    "scale": 1.0,
    "offset": 0.0010284801246598363
  },
  "Vrms": {
    "scale": 566.448974609375,
    "offset": 338.45794677734375
  },
  "GVrms": {
    "scale": 566.4461059570312,
    "offset": 178.87728881835938
  },
  "Ctl": {
    "scale": 1.0,
    "offset": 0.5992000102996826
  },
  "Vdc": {
    "scale": 439.7894592285156,
    "offset": 275.1376953125
  },
  "Idc": {
    "scale": 292.8359680175781,
    "offset": 100.0894546508789
  },
  "Id": {
    "scale": 195.2642364501953,
    "offset": 65.44300079345703
  },
  "Iq": {
    "scale": 153.54869079589844,
    "offset": -1.357047200202942
  }
}