{
  "T": {
    "scale": 20.003402709960938,
    "offset": 25.00031852722168
  },
  "G": {
    "scale": 999.9949951171875,
    "offset": 431.68255615234375
  },
  "Fc": {
    "scale": 9.999828338623047,
    "offset": 60.000450134277344
  },
  "Md": {
    "scale": 0.37000077962875366,
    "offset": 0.9694621562957764
  },
  "Mq": {
    "scale": 1.100000023841858,
    "offset": 0.0003623538068495691
  },
  "Id": {
    "scale": 201.93418884277344,
    "offset": 72.78248596191406
  },
  "Iq": {
    "scale": 166.53598022460938,
    "offset": -1.6259486675262451
  },
  "GIrms": {
    "scale": 247.46530151367188,
    "offset": 61.278167724609375
  },
  "Ctl": {
    "scale": 1.0,
    "offset": 0.7136834263801575
  },
  "Vdc": {
    "scale": 431.9644775390625,
    "offset": 264.62841796875
  },
  "Idc": {
    "scale": 294.8050231933594,
    "offset": 122.57894897460938
  },
  "Vd": {
    "scale": 469.71539306640625,
    "offset": 291.0074462890625
  },
  "Vq": {
    "scale": 392.70916748046875,
    "offset": -3.793492555618286
  }
}