{
  "T": {
    "scale": 20.003402709960938,
    "offset": 25.000293731689453,
    "max": 35.003326416015625,
    "min": 14.999924659729004
  },
  "G": {
    "scale": 999.9949951171875,
    "offset": 431.68017578125,
    "max": 999.9949951171875,
    "min": -1.7915819626068696e-05
  },
  "Fc": {
    "scale": 9.999828338623047,
    "offset": 60.00039291381836,
    "max": 64.99967956542969,
    "min": 54.99985122680664
  },
  "Md": {
    "scale": 0.37000077962875366,
    "offset": 0.9694644212722778,
    "max": 1.1200000047683716,
    "min": 0.7499992251396179
  },
  "Mq": {
    "scale": 1.100000023841858,
    "offset": 0.0003623511001933366,
    "max": 0.550000011920929,
    "min": -0.550000011920929
  },
  "Vd": {
    "scale": 469.71539306640625,
    "offset": 291.0072021484375,
    "max": 469.71539306640625,
    "min": -1.1641338460322004e-05
  },
  "Vq": {
    "scale": 392.70916748046875,
    "offset": -3.793489933013916,
    "max": 181.3567657470703,
    "min": -211.3524169921875
  },
  "GVrms": {
    "scale": 575.341064453125,
    "offset": 193.85411071777344,
    "max": 575.341064453125,
    "min": -2.3127711551440555e-11
  },
  "Ctl": {
    "scale": 1.0,
    "offset": 0.7136834263801575,
    "max": 1.0,
    "min": 0.0
  },
  "Vdc": {
    "scale": 431.9644775390625,
    "offset": 264.6296691894531,
    "max": 431.9644775390625,
    "min": -1.164085915661417e-05
  },
  "Idc": {
    "scale": 294.8050231933594,
    "offset": 122.57882690429688,
    "max": 294.8050231933594,
    "min": -5.820094429509481e-06
  },
  "Id": {
    "scale": 201.93418884277344,
    "offset": 72.7824478149414,
    "max": 201.93418884277344,
    "min": -5.8189207265968435e-06
  },
  "Iq": {
    "scale": 166.53598022460938,
    "offset": -1.6259469985961914,
    "max": 79.1246337890625,
    "min": -87.41134643554688
  }
}