{
  "T": {
    "scale": 20.003402709960938,
    "offset": 25.000293731689453
  },
  "G": {
    "scale": 999.9949951171875,
    "offset": 431.68017578125
  },
  "Fc": {
    "scale": 9.999828338623047,
    "offset": 60.00039291381836
  },
  "Md": {
    "scale": 0.37000077962875366,
    "offset": 0.9694644212722778
  },
  "Mq": {
    "scale": 1.100000023841858,
    "offset": 0.0003623511001933366
  },
  "Vd": {
    "scale": 469.71539306640625,
    "offset": 291.0072021484375
  },
  "Vq": {
    "scale": 392.70916748046875,
    "offset": -3.793489933013916
  },
  "GVrms": {
    "scale": 575.341064453125,
    "offset": 193.85411071777344
  },
  "Ctl": {
    "scale": 1.0,
    "offset": 0.7136834263801575
  },
  "Vdc": {
    "scale": 431.9644775390625,
    "offset": 264.6296691894531
  },
  "Idc": {
    "scale": 294.8050231933594,
    "offset": 122.57882690429688
  },
  "Id": {
    "scale": 201.93418884277344,
    "offset": 72.7824478149414
  },
  "Iq": {
    "scale": 166.53598022460938,
    "offset": -1.6259469985961914
  }
}