{
  "T": {
    "scale": 19.99997329711914,
    "offset": 24.9999942779541
  },
  "G": {
    "scale": 999.9951171875,
    "offset": 465.4302673339844
  },
  "Fc": {
    "scale": 9.999828338623047,
    "offset": 59.99984359741211
  },
  "Ud": {
    "scale": 0.3000020384788513,
    "offset": 0.9954866766929626
  },
  "Uq": {
    "scale": 0.8000000715255737,
    "offset": 0.0009099626913666725
  },
  "Vd": {
    "scale": 441.25250244140625,
    "offset": 249.84991455078125
  },
  "Vq": {
    "scale": 308.92523193359375,
    "offset": -47.96498107910156
  },
  "GVrms": {
    "scale": 268.0201721191406,
    "offset": 102.08055114746094
  },
  "Ctl": {
    "scale": 1.0,
    "offset": 0.4293571412563324
  },
  "Vdc": {
    "scale": 489.8838195800781,
    "offset": 315.78497314453125
  },
  "Idc": {
    "scale": 32.889556884765625,
    "offset": 14.82384204864502
  },
  "Id": {
    "scale": 83.56477355957031,
    "offset": 32.690677642822266
  },
  "Iq": {
    "scale": 60.23400115966797,
    "offset": -7.265318870544434
  }
}