{
  "T": {
    "scale": 19.99997329711914,
    "offset": 24.9999942779541,
    "max": 34.99992370605469,
    "min": 14.99994945526123
  },
  "G": {
    "scale": 999.9951171875,
    "offset": 465.4302673339844,
    "max": 999.9951171875,
    "min": -1.7915819626068696e-05
  },
  "Fc": {
    "scale": 9.999828338623047,
    "offset": 59.99984359741211,
    "max": 64.99967956542969,
    "min": 54.99985122680664
  },
  "Ud": {
    "scale": 0.3000020384788513,
    "offset": 0.9954866766929626,
    "max": 1.100000023841858,
    "min": 0.7999979853630066
  },
  "Uq": {
    "scale": 0.8000000715255737,
    "offset": 0.0009099626913666725,
    "max": 0.4000000059604645,
    "min": -0.40000003576278687
  },
  "Vd": {
    "scale": 441.25250244140625,
    "offset": 249.84991455078125,
    "max": 441.25250244140625,
    "min": -1.0082981134473812e-05
  },
  "Vq": {
    "scale": 308.92523193359375,
    "offset": -47.96498107910156,
    "max": 96.08955383300781,
    "min": -212.835693359375
  },
  "GVrms": {
    "scale": 268.0201721191406,
    "offset": 102.08055114746094,
    "max": 268.0201721191406,
    "min": -4.585169932624922e-08
  },
  "Ctl": {
    "scale": 1.0,
    "offset": 0.4293571412563324,
    "max": 1.0,
    "min": 0.0
  },
  "Vdc": {
    "scale": 489.8838195800781,
    "offset": 315.78497314453125,
    "max": 489.8838195800781,
    "min": -1.1824137800431345e-05
  },
  "Idc": {
    "scale": 32.889556884765625,
    "offset": 14.82384204864502,
    "max": 32.889556884765625,
    "min": -7.123174441403535e-07
  },
  "Id": {
    "scale": 83.56477355957031,
    "offset": 32.690677642822266,
    "max": 83.2847671508789,
    "min": -0.2800028622150421
  },
  "Iq": {
    "scale": 60.23400115966797,
    "offset": -7.265318870544434,
    "max": 10.354528427124023,
    "min": -49.87947082519531
  }
}