{
  "G": {
    "scale": 999.9949951171875,
    "offset": 716.9439697265625
  },
  "Ud": {
    "scale": 0.40000206232070923,
    "offset": 1.009670376777649
  },
  "Uq": {
    "scale": 1.000999927520752,
    "offset": -0.00489775137975812
  },
  "Vd": {
    "scale": 337.08233642578125,
    "offset": 193.7440948486328
  },
  "Vq": {
    "scale": 289.7115173339844,
    "offset": -5.590501308441162
  },
  "GVrms": {
    "scale": 414899.65625,
    "offset": 224055.5
  },
  "Ctrl": {
    "scale": 1.0,
    "offset": 0.7191958427429199
  },
  "Vdc": {
    "scale": 628.1762084960938,
    "offset": 407.9109191894531
  },
  "Idc": {
    "scale": 4.834264755249023,
    "offset": 1.7593343257904053
  },
  "Id": {
    "scale": 5.7833781242370605,
    "offset": 2.368363618850708
  },
  "Iq": {
    "scale": 4.977410316467285,
    "offset": -0.07089115679264069
  }
}