{
  "T": {
    "scale": 20.003402709960938,
    "offset": 25.000831604003906
  },
  "G": {
    "scale": 999.9949951171875,
    "offset": 384.71270751953125
  },
  "Fc": {
    "scale": 9.999828338623047,
    "offset": 60.001869201660156
  },
  "Md": {
    "scale": 0.40000206232070923,
    "offset": 1.001272201538086
  },
  "Mq": {
    "scale": 1.0,
    "offset": 0.0010284791933372617
  },
  "Vrms": {
    "scale": 566.448974609375,
    "offset": 338.4580078125
  },
  "GVrms": {
    "scale": 566.4461059570312,
    "offset": 178.87730407714844
  },
  "Ctl": {
    "scale": 1.0,
    "offset": 0.5992000102996826
  },
  "Vdc": {
    "scale": 439.7894592285156,
    "offset": 275.1376953125
  },
  "Idc": {
    "scale": 292.8359680175781,
    "offset": 100.0894546508789
  },
  "Id": {
    "scale": 195.2642364501953,
    "offset": 65.4429931640625
  },
  "Iq": {
    "scale": 153.54869079589844,
    "offset": -1.357047438621521
  }
}