{
  "Fc": {
    "scale": 4.0,
    "offset": 60.0
  },
  "Ud": {
    "scale": 0.1600000262260437,
    "offset": 0.60999995470047
  },
  "Uq": {
    "scale": 1.0,
    "offset": 0.0
  },
  "Vdc": {
    "scale": 7.18035888671875,
    "offset": 604.6819458007812
  },
  "Id": {
    "scale": 8.774377822875977,
    "offset": -6.843101501464844
  },
  "Iq": {
    "scale": 5.049924850463867,
    "offset": 0.6553387641906738
  },
  "Idc": {
    "scale": 3.525486707687378,
    "offset": 2.7021377086639404
  },
  "Vd": {
    "scale": 63.002593994140625,
    "offset": -223.10130310058594
  },
  "Vq": {
    "scale": 1.2575385570526123,
    "offset": 0.13841891288757324
  }
}