{
  "Fc": {
    "scale": 4.0,
    "offset": 60.0
  },
  "Ud": {
    "scale": 0.1600000262260437,
    "offset": 0.6100000143051147
  },
  "Uq": {
    "scale": 1.0,
    "offset": 0.0
  },
  "Rc": {
    "scale": 308.66290283203125,
    "offset": 75.11207580566406
  },
  "Vd": {
    "scale": 274.0211181640625,
    "offset": -222.79786682128906
  },
  "Vq": {
    "scale": 46.957420349121094,
    "offset": 0.13991528749465942
  },
  "Id": {
    "scale": 8.342355728149414,
    "offset": -4.422965049743652
  },
  "Iq": {
    "scale": 0.16431400179862976,
    "offset": 0.0027985265478491783
  },
  "Idc": {
    "scale": 2.824873447418213,
    "offset": 1.692444920539856
  }
}