{
  "Fc": {
    "scale": 1.0,
    "offset": 60.0
  },
  "Ud": {
    "scale": 1.0,
    "offset": 0.6599999070167542
  },
  "Uq": {
    "scale": 1.0,
    "offset": 0.0
  },
  "Vd": {
    "scale": 13.905715942382812,
    "offset": -236.50686645507812
  },
  "Vq": {
    "scale": 1.704235315322876,
    "offset": 0.13226838409900665
  },
  "Vdc": {
    "scale": 26.7159423828125,
    "offset": 593.7037353515625
  },
  "Idc": {
    "scale": 2.6858668327331543,
    "offset": 2.8063223361968994
  },
  "Id": {
    "scale": 4.799635887145996,
    "offset": -4.07835578918457
  },
  "Iq": {
    "scale": 1.6414101123809814,
    "offset": 1.1682281494140625
  }
}